{"cameraMode":{"drawMode":0,"name":"Shaded","section":"Shading Mode"},"sceneLighting":false,"audioPlay":false,"sceneViewState":{"showFog":true,"showMaterialUpdate":false,"showSkybox":false,"showFlares":true,"showImageEffects":true,"showParticleSystems":true},"in2DMode":false,"pivot":{"x":1.1920928955078126e-7,"y":-0.06184816360473633,"z":0.17551279067993165},"rotation":{"x":0.116260826587677,"y":0.0892641693353653,"z":-0.010491845197975636,"w":0.989143967628479},"size":2.483494758605957,"orthographic":true}