{"cameraMode":{"drawMode":0,"name":"Shaded","section":"Shading Mode"},"sceneLighting":true,"audioPlay":false,"sceneViewState":{"showFog":true,"showMaterialUpdate":false,"showSkybox":true,"showFlares":true,"showImageEffects":true,"showParticleSystems":true},"in2DMode":false,"pivot":{"x":-0.6680183410644531,"y":1.2274670600891114,"z":1.9871101379394532},"rotation":{"x":-0.14466592669487,"y":-0.6281179785728455,"z":0.12034980207681656,"w":-0.7550240755081177},"size":7.364480018615723,"orthographic":false}