{"cameraMode":{"drawMode":0,"name":"Shaded","section":"Shading Mode"},"sceneLighting":false,"audioPlay":false,"sceneViewState":{"showFog":true,"showMaterialUpdate":false,"showSkybox":false,"showFlares":true,"showImageEffects":true,"showParticleSystems":true},"in2DMode":false,"pivot":{"x":-2.0382080078125,"y":0.5350341796875,"z":0.5244140625},"rotation":{"x":-0.0137857124209404,"y":0.9841169714927673,"z":-0.153267502784729,"w":-0.08851683884859085},"size":3.047999382019043,"orthographic":true}