{"cameraMode":{"drawMode":0,"name":"Shaded","section":"Shading Mode"},"sceneLighting":true,"audioPlay":false,"sceneViewState":{"showFog":true,"showMaterialUpdate":false,"showSkybox":true,"showFlares":true,"showImageEffects":true,"showParticleSystems":true},"in2DMode":false,"pivot":{"x":3.3761234283447267,"y":4.258834362030029,"z":0.2453629970550537},"rotation":{"x":-0.25730544328689577,"y":0.13341087102890016,"z":-0.03589264675974846,"w":-0.9564102292060852},"size":3.185657501220703,"orthographic":false}