{"cameraMode":{"drawMode":0,"name":"Shaded","section":"Shading Mode"},"sceneLighting":false,"audioPlay":false,"sceneViewState":{"showFog":true,"showMaterialUpdate":false,"showSkybox":false,"showFlares":true,"showImageEffects":true,"showParticleSystems":true},"in2DMode":false,"pivot":{"x":-3.5762786865234377e-7,"y":2.3624422550201418,"z":-4.76837158203125e-7},"rotation":{"x":0.129603311419487,"y":0.08911475539207459,"z":-0.011695917695760727,"w":0.9874846339225769},"size":3.4860219955444338,"orthographic":true}