{"cameraMode":{"drawMode":0,"name":"Shaded","section":"Shading Mode"},"sceneLighting":false,"audioPlay":false,"sceneViewState":{"showFog":true,"showMaterialUpdate":false,"showSkybox":false,"showFlares":true,"showImageEffects":true,"showParticleSystems":true},"in2DMode":false,"pivot":{"x":5.849999904632568,"y":-0.23000000417232514,"z":4.949999809265137},"rotation":{"x":0.129603311419487,"y":0.08911475539207459,"z":-0.011695917695760727,"w":0.9874846339225769},"size":13.608617782592774,"orthographic":true}