{"cameraMode":{"drawMode":0,"name":"Shaded","section":"Shading Mode"},"sceneLighting":true,"audioPlay":false,"sceneViewState":{"showFog":true,"showMaterialUpdate":false,"showSkybox":true,"showFlares":true,"showImageEffects":true,"showParticleSystems":true},"in2DMode":false,"pivot":{"x":4.9830322265625,"y":0.918701171875,"z":5.39453125},"rotation":{"x":0.129603311419487,"y":0.08911475539207459,"z":-0.011695917695760727,"w":0.9874846339225769},"size":6.474808692932129,"orthographic":true}