{"cameraMode":{"drawMode":0,"name":"Shaded","section":"Shading Mode"},"sceneLighting":true,"audioPlay":false,"sceneViewState":{"showFog":true,"showMaterialUpdate":false,"showSkybox":true,"showFlares":true,"showImageEffects":true,"showParticleSystems":true},"in2DMode":false,"pivot":{"x":0.981201171875,"y":1.492919921875,"z":2.2138671875},"rotation":{"x":0.116260826587677,"y":0.0892641693353653,"z":-0.010491845197975636,"w":0.989143967628479},"size":6.191943645477295,"orthographic":true}